6.69,10.00,2.00,2.76,5.05,7.88,9.10
6.66,17.00,2.00,1.80,3.82,0.14,9.02
3.33,11.00,4.00,2.60,4.30,5.25,3.14
3.72,0.00,2.00,0.81,0.29,0.11,4.18
0.33,16.00,1.00,6.76,1.01,0.51,3.46
1.07,7.00,2.00,1.26,6.79,8.74,4.07
2.70,6.00,1.00,6.86,0.60,5.63,4.02
9.38,17.00,2.00,2.91,6.31,9.35,5.35
8.57,18.00,4.00,0.74,4.71,5.83,6.07
6.99,19.00,5.00,5.46,5.41,8.26,5.59
8.51,0.00,5.00,7.29,5.23,0.13,0.29
1.20,10.00,0.00,4.85,0.08,1.19,9.83
6.94,7.00,1.00,0.58,6.04,3.08,5.50
4.02,15.00,1.00,5.34,0.57,8.15,0.99
9.50,2.00,5.00,9.64,0.79,8.27,2.23
7.18,14.00,0.00,4.40,3.32,5.48,9.86
4.01,9.00,5.00,3.88,4.52,3.50,3.69
2.49,4.00,2.00,4.78,2.64,9.47,2.31
2.24,4.00,2.00,9.04,3.92,8.76,0.19
9.54,9.00,1.00,5.30,2.26,5.33,1.41
5.96,1.00,1.00,8.65,0.27,3.78,9.18
3.34,11.00,5.00,7.85,3.28,1.01,1.65
5.63,10.00,5.00,3.59,2.16,2.60,9.93
5.17,1.00,1.00,1.78,0.72,8.22,0.66
4.48,10.00,1.00,8.18,4.75,9.56,8.89
2.32,19.00,1.00,1.14,5.26,1.08,1.45
1.71,3.00,5.00,5.30,1.84,0.87,1.85
7.62,11.00,1.00,3.51,5.65,0.03,2.23
2.72,3.00,0.00,8.97,6.71,1.43,3.59
8.44,4.00,3.00,7.50,1.76,9.97,7.25
7.39,16.00,0.00,3.79,6.61,5.06,9.07
5.72,12.00,1.00,7.60,7.00,8.12,6.40
7.94,4.00,2.00,5.69,5.12,3.40,9.89
2.28,10.00,3.00,0.13,3.67,4.39,8.46
7.83,13.00,0.00,0.38,4.65,1.14,4.13
0.40,14.00,0.00,6.09,0.69,8.40,5.24
5.99,11.00,3.00,6.33,0.05,9.45,8.73
9.53,6.00,2.00,3.46,5.42,0.21,4.24
1.06,15.00,4.00,8.83,5.02,3.45,6.65
2.01,9.00,0.00,7.59,4.01,2.17,6.99
5.04,13.00,4.00,3.39,5.95,6.37,1.31
5.57,11.00,1.00,4.97,1.30,3.51,2.53
3.96,11.00,3.00,1.99,4.05,3.94,0.39
5.78,15.00,4.00,9.86,3.91,2.02,2.15
7.53,1.00,5.00,7.03,6.62,3.00,1.89
4.27,17.00,0.00,5.14,3.77,5.78,4.58
9.62,1.00,3.00,5.74,3.07,6.53,0.24
8.13,2.00,2.00,3.10,3.69,5.53,5.07
9.40,13.00,5.00,6.17,1.48,6.87,9.72
8.92,2.00,1.00,9.21,0.31,0.64,4.09
7.95,5.00,2.00,1.61,5.04,2.61,4.60
5.73,10.00,2.00,4.84,6.52,6.55,8.47
2.13,17.00,4.00,6.65,6.90,5.75,9.91
7.27,8.00,5.00,7.27,3.13,1.08,2.94
0.66,0.00,4.00,4.50,4.28,7.08,0.52
0.82,15.00,2.00,6.46,5.45,4.93,6.71
4.46,15.00,1.00,7.24,5.00,0.59,6.36
2.55,6.00,5.00,0.36,1.34,3.56,6.01
6.68,18.00,4.00,5.77,0.65,5.96,9.01
4.12,15.00,2.00,4.67,4.27,9.50,8.67
9.90,15.00,5.00,5.52,0.23,1.74,7.25
8.36,2.00,2.00,6.54,6.74,9.53,8.99
9.77,19.00,4.00,9.22,7.00,1.54,6.50
4.44,5.00,2.00,0.95,5.69,1.45,8.85
8.48,8.00,1.00,5.63,6.48,5.18,2.27
1.56,9.00,1.00,1.49,2.54,9.05,3.11
1.59,14.00,1.00,4.55,0.01,7.52,1.98
7.76,13.00,0.00,8.21,1.26,8.99,6.09
0.74,5.00,3.00,7.28,2.34,9.06,2.41
4.68,16.00,5.00,9.34,0.10,3.33,2.21
2.10,8.00,5.00,6.06,0.99,5.53,5.88
0.35,9.00,2.00,6.29,3.15,5.88,4.22
8.15,6.00,5.00,0.18,6.03,8.71,7.91
9.66,7.00,5.00,4.86,2.17,3.40,5.80
1.09,4.00,4.00,5.49,1.62,6.22,8.64
5.00,14.00,2.00,8.07,3.73,6.46,3.86
1.82,1.00,5.00,8.98,2.38,6.34,0.41
3.42,1.00,1.00,5.35,4.20,2.51,8.52
4.32,14.00,3.00,0.14,0.61,2.43,0.14
6.84,3.00,5.00,5.90,4.96,6.94,7.83
1.07,16.00,2.00,7.51,4.75,6.14,9.77
3.21,13.00,1.00,6.86,4.79,6.22,3.50
0.10,4.00,4.00,9.54,6.75,8.96,7.67
4.14,10.00,3.00,5.52,3.20,4.16,2.98
5.81,18.00,4.00,0.82,2.43,6.93,1.78
2.04,0.00,2.00,6.96,3.36,4.52,3.66
4.51,18.00,3.00,3.31,0.12,2.10,0.37
1.20,9.00,4.00,9.52,1.54,4.83,5.93
4.30,2.00,5.00,5.96,3.40,2.71,1.88
9.90,12.00,0.00,3.57,0.59,7.76,6.65
3.84,7.00,1.00,1.66,1.33,6.05,2.99
0.11,1.00,4.00,8.32,4.11,3.46,6.04
0.72,0.00,1.00,1.27,4.18,3.49,8.82
5.84,4.00,0.00,1.81,5.08,1.84,2.50
9.18,17.00,2.00,8.83,4.84,1.47,6.16
2.50,7.00,1.00,6.07,2.08,1.32,6.80
8.52,17.00,1.00,7.34,6.38,3.44,2.29
5.27,4.00,1.00,4.69,1.84,4.97,1.15
4.31,14.00,4.00,9.07,4.65,2.63,8.81
7.01,7.00,4.00,1.74,2.56,6.87,5.90
4.31,19.00,4.00,6.85,1.09,7.60,2.88
4.17,13.00,2.00,6.90,5.62,0.71,6.10
0.97,6.00,0.00,7.41,5.13,5.35,0.42
1.11,18.00,1.00,2.19,3.97,7.91,0.88
5.41,13.00,1.00,5.40,4.13,8.70,5.77
2.83,7.00,0.00,8.14,4.84,7.52,8.54
5.81,2.00,0.00,5.25,0.63,6.57,9.02
0.91,4.00,5.00,0.58,3.09,7.30,5.76
1.47,18.00,2.00,6.68,3.02,6.69,6.60
4.51,7.00,1.00,1.81,0.59,2.59,8.03
8.59,19.00,1.00,6.67,0.01,9.86,4.17
3.44,7.00,2.00,0.97,3.11,0.36,0.56
4.68,2.00,4.00,8.70,4.03,5.57,0.34
0.80,10.00,3.00,8.65,1.76,7.19,8.02
4.65,5.00,5.00,7.26,1.23,1.21,4.94
6.05,6.00,3.00,4.39,0.36,4.75,7.57
1.59,14.00,5.00,7.86,0.21,8.26,5.75
7.23,17.00,4.00,4.76,2.99,3.25,0.87
2.46,7.00,4.00,9.52,6.77,7.31,9.68
2.15,6.00,1.00,2.39,2.75,8.17,5.46
8.36,6.00,5.00,3.59,3.17,4.11,4.73
3.62,17.00,2.00,3.75,0.80,7.94,2.72
8.92,0.00,3.00,0.91,6.38,1.67,5.88
6.25,19.00,1.00,9.50,4.91,8.88,9.85
3.55,1.00,5.00,4.07,3.14,8.32,7.28
5.59,7.00,3.00,1.59,0.90,1.78,3.47
5.33,15.00,1.00,9.48,2.77,9.87,0.38
5.98,4.00,5.00,9.19,1.64,3.06,6.87
5.83,11.00,0.00,6.45,0.56,5.49,0.86
4.18,15.00,4.00,4.47,2.13,8.53,7.26
3.56,8.00,0.00,6.75,3.62,6.34,6.68
4.56,15.00,4.00,1.50,1.97,0.79,6.20
8.41,6.00,2.00,0.50,2.21,7.37,7.50
3.18,0.00,0.00,4.88,2.50,4.91,7.40
7.70,15.00,4.00,1.45,3.65,2.68,9.71
2.09,11.00,4.00,3.96,6.95,1.26,6.52
3.33,13.00,1.00,3.51,3.64,9.58,7.50
6.16,11.00,5.00,8.59,5.41,8.82,8.98
4.87,11.00,5.00,6.30,1.92,6.02,9.39
1.24,19.00,3.00,2.85,0.20,5.18,5.86
6.07,10.00,3.00,7.91,2.92,9.70,4.88
3.16,3.00,2.00,5.73,1.22,0.09,5.55
2.09,11.00,0.00,1.05,3.08,4.77,9.37
3.84,1.00,4.00,0.53,5.46,1.00,2.33
4.78,1.00,2.00,1.33,0.84,8.26,0.24
3.77,4.00,5.00,3.92,5.95,2.85,2.63
2.54,19.00,4.00,6.83,1.21,5.99,5.27
0.20,6.00,0.00,6.40,1.41,5.41,4.90
4.76,12.00,4.00,5.84,1.56,5.33,9.67
0.11,4.00,4.00,9.43,3.99,2.89,4.05
7.36,9.00,1.00,6.93,3.41,0.63,1.44
7.11,11.00,1.00,7.34,5.08,2.67,4.68
3.73,11.00,3.00,5.36,2.28,1.47,4.35
4.80,9.00,3.00,0.33,5.74,5.32,1.12
9.49,9.00,2.00,0.83,0.32,1.60,4.04
1.78,5.00,4.00,9.21,5.57,5.53,1.97
7.57,9.00,3.00,0.30,4.04,1.15,8.45
1.44,19.00,3.00,8.80,2.56,3.56,6.01
3.41,6.00,3.00,4.29,2.83,9.18,1.67
3.93,8.00,0.00,4.45,6.70,2.65,4.25
3.97,4.00,1.00,3.09,6.52,6.65,2.52
7.69,0.00,3.00,1.33,6.56,8.79,7.74
5.59,18.00,5.00,8.70,1.22,3.25,7.79
2.63,5.00,5.00,5.27,0.72,0.10,8.57
5.60,15.00,1.00,6.22,0.88,1.47,2.38
1.67,17.00,1.00,9.34,0.41,1.83,4.21
2.80,13.00,1.00,3.58,2.98,3.10,7.81
3.14,13.00,1.00,7.01,2.05,3.14,0.06
5.71,3.00,4.00,0.45,6.84,4.05,0.05
4.94,8.00,0.00,4.71,4.13,7.16,2.69
8.07,1.00,1.00,4.31,0.76,3.37,5.44
6.44,3.00,4.00,7.11,2.42,7.52,5.97
0.33,4.00,1.00,0.71,5.75,6.02,9.59
10.00,11.00,2.00,2.99,0.12,9.59,3.74
4.74,0.00,3.00,8.34,6.31,6.45,9.58
1.09,9.00,1.00,0.07,2.36,0.53,1.35
8.68,5.00,2.00,7.55,1.15,9.02,1.75
2.49,5.00,5.00,4.33,3.98,6.11,4.15
8.04,12.00,1.00,1.52,5.06,0.54,1.27
2.20,11.00,1.00,9.77,2.74,0.47,4.98
0.61,4.00,5.00,6.85,2.49,3.76,2.84
8.11,9.00,5.00,2.80,6.45,4.59,6.12
8.23,12.00,3.00,2.38,2.26,8.85,0.72
8.39,15.00,5.00,6.49,3.36,6.14,6.35
1.44,2.00,0.00,9.55,4.79,8.23,9.64
7.10,2.00,1.00,6.81,4.87,8.40,4.75
6.11,5.00,0.00,6.77,4.26,7.25,2.92
2.77,6.00,4.00,1.17,6.57,6.92,2.58
2.73,1.00,0.00,2.39,4.84,8.16,7.33
4.59,5.00,3.00,7.08,2.15,2.90,3.11
0.79,11.00,5.00,8.71,3.99,4.69,3.71
3.75,8.00,1.00,9.77,3.12,6.79,4.81
7.86,19.00,5.00,9.28,6.37,3.95,7.23
6.54,8.00,0.00,8.84,3.75,5.22,7.19
7.78,7.00,3.00,1.04,5.02,9.07,2.21
3.69,2.00,2.00,3.83,6.13,1.26,8.64
5.44,4.00,1.00,2.38,0.77,3.78,0.83
0.08,2.00,3.00,7.28,1.20,1.13,2.45
9.80,9.00,5.00,1.25,6.26,7.25,0.38
0.64,13.00,5.00,8.91,4.47,0.70,0.13
9.53,4.00,1.00,1.34,3.89,7.61,4.85
1.23,1.00,3.00,2.46,0.78,0.17,1.13
9.13,12.00,4.00,4.10,4.17,0.12,5.86
0.10,11.00,5.00,6.12,0.93,9.85,4.38
5.00,4.00,2.00,1.31,4.24,7.95,1.87
0.93,10.00,0.00,5.17,4.50,9.87,0.90
1.12,18.00,2.00,6.50,4.85,3.34,5.07
8.03,16.00,1.00,4.20,2.75,8.08,0.42
7.88,9.00,5.00,9.70,6.49,6.39,3.77
5.76,11.00,2.00,6.97,4.04,4.35,0.75
2.99,11.00,4.00,5.16,6.07,6.73,5.62
4.32,1.00,3.00,0.50,0.04,4.98,2.15
0.08,15.00,1.00,3.12,5.12,9.42,0.06
9.84,15.00,5.00,5.79,0.94,8.27,7.00
5.20,3.00,4.00,3.99,4.42,9.92,6.33
1.88,7.00,0.00,1.27,1.05,2.82,3.08
8.98,10.00,5.00,6.00,1.56,9.55,4.15
1.45,15.00,0.00,8.02,3.14,4.46,7.65
4.94,15.00,0.00,4.51,5.21,7.65,5.22
0.61,6.00,5.00,2.48,2.11,0.39,1.22
5.24,10.00,3.00,5.95,2.38,8.75,0.43
3.64,9.00,3.00,1.59,2.15,3.30,2.32
1.52,11.00,3.00,3.79,4.23,3.99,3.31
6.82,15.00,2.00,5.90,2.73,1.83,6.15
1.47,4.00,0.00,4.29,3.69,5.71,2.45
0.79,5.00,5.00,2.32,4.47,5.23,5.86
0.65,6.00,1.00,1.76,1.28,6.15,6.24
1.47,11.00,5.00,6.96,4.27,5.01,4.08
6.84,13.00,3.00,5.92,2.27,4.63,8.85
6.09,15.00,2.00,8.17,4.50,2.12,8.47
3.66,8.00,0.00,3.87,2.66,7.78,0.57
1.21,6.00,5.00,9.53,3.33,6.50,7.76
0.36,17.00,2.00,0.29,4.93,6.51,5.29
6.85,0.00,2.00,8.69,6.03,4.70,4.73
7.98,10.00,3.00,2.44,3.40,0.26,3.98
3.27,1.00,3.00,4.16,6.00,7.23,8.42
1.21,19.00,5.00,8.50,4.21,1.46,4.60
1.01,19.00,3.00,8.88,4.35,5.99,2.00
9.39,19.00,3.00,5.29,3.91,3.99,3.14
8.31,3.00,4.00,3.67,4.33,8.99,0.70
5.20,9.00,5.00,8.94,1.52,0.87,7.52
6.24,11.00,0.00,2.87,2.73,0.32,0.67
7.24,16.00,1.00,6.53,2.16,1.83,5.74
1.00,14.00,5.00,5.75,1.01,6.61,9.50
9.06,18.00,3.00,6.03,2.13,2.79,5.35
2.17,4.00,5.00,6.39,6.56,0.19,1.78
9.57,13.00,2.00,3.51,0.52,8.27,2.77
7.14,17.00,2.00,0.44,2.11,9.68,7.17
5.26,3.00,5.00,5.12,4.38,1.64,4.00
4.80,8.00,1.00,4.33,3.17,6.19,3.38
4.03,4.00,4.00,8.75,2.77,8.02,4.83
7.86,7.00,5.00,4.35,2.79,8.24,8.16
2.95,14.00,3.00,5.42,6.72,8.92,9.40
6.07,12.00,5.00,3.61,6.90,6.99,4.26
1.59,11.00,5.00,1.49,4.07,4.44,7.97
7.09,6.00,4.00,9.15,3.14,6.71,8.14
3.66,13.00,5.00,6.06,6.69,1.60,3.91
1.44,3.00,2.00,9.81,6.05,4.43,6.79
9.87,8.00,2.00,5.37,4.02,1.43,1.01
7.58,0.00,1.00,8.12,1.52,0.83,0.42
8.84,18.00,2.00,6.53,1.07,4.53,8.19
9.45,16.00,0.00,0.04,2.81,1.92,9.39
2.75,10.00,5.00,0.16,3.46,9.56,1.58
4.43,13.00,1.00,0.13,0.53,1.91,6.15
2.08,17.00,5.00,5.33,0.34,5.62,7.20
8.31,5.00,4.00,7.52,4.46,8.28,2.24
0.34,10.00,2.00,5.47,2.56,0.39,3.58
8.04,2.00,5.00,8.97,4.65,8.62,6.84
9.36,12.00,2.00,4.31,1.21,6.48,4.71
5.98,6.00,5.00,8.12,3.61,3.14,5.82
3.01,7.00,4.00,3.91,2.67,9.95,9.82
4.08,3.00,3.00,5.85,2.87,3.34,5.04
0.20,13.00,1.00,2.95,6.25,4.64,0.54
1.88,14.00,2.00,6.17,1.59,2.76,1.44
0.77,14.00,3.00,3.72,2.32,4.75,1.57
1.21,8.00,4.00,6.02,5.00,3.09,2.88
1.38,0.00,2.00,3.56,5.22,7.22,3.80
3.49,16.00,2.00,4.63,4.79,1.63,6.08
7.12,1.00,1.00,4.54,0.41,0.85,6.17
9.85,8.00,4.00,1.45,0.42,2.78,2.85
0.00,14.00,5.00,8.67,5.79,3.11,2.81
8.10,5.00,5.00,4.89,4.64,1.52,1.48
2.46,0.00,0.00,3.22,0.68,7.95,6.00
9.70,1.00,5.00,4.32,1.96,8.08,8.37
0.41,0.00,4.00,1.96,0.43,0.61,2.92
6.93,3.00,3.00,5.89,5.71,0.14,8.84
3.09,1.00,4.00,2.12,2.06,4.67,7.28
4.80,3.00,5.00,4.59,3.39,3.06,7.07
7.41,7.00,2.00,7.83,0.27,1.58,8.17
9.79,3.00,2.00,4.26,2.23,1.16,4.46
1.04,2.00,3.00,6.10,5.02,3.09,5.88
4.09,1.00,0.00,3.94,1.07,6.11,9.74
6.24,14.00,0.00,3.44,1.98,5.73,7.57
2.68,4.00,1.00,6.37,4.64,9.65,5.50
5.57,3.00,1.00,0.54,0.51,9.23,7.28
0.96,15.00,4.00,0.66,1.16,9.03,1.47
6.10,17.00,2.00,1.27,2.51,8.47,9.82
1.98,5.00,4.00,2.95,1.33,6.21,6.50
1.24,1.00,5.00,0.87,2.08,5.49,2.03
9.43,6.00,1.00,8.72,6.28,6.33,8.60
3.28,19.00,1.00,0.87,5.57,5.42,8.66
5.89,16.00,1.00,7.21,4.02,6.44,8.40
9.99,15.00,2.00,1.20,3.07,2.04,3.49
5.02,16.00,4.00,1.12,1.34,2.11,7.17
2.66,9.00,2.00,1.52,3.19,9.52,7.72
1.49,1.00,0.00,8.09,4.88,5.05,0.61
1.65,6.00,5.00,7.40,6.04,3.53,1.25
6.50,11.00,4.00,5.44,2.28,7.62,2.42
2.81,4.00,3.00,5.66,5.52,8.94,6.29
2.12,14.00,5.00,0.38,6.34,6.73,4.53
0.73,5.00,3.00,7.00,5.51,7.36,8.14
2.65,5.00,0.00,6.20,0.66,0.21,3.34
9.58,17.00,2.00,4.25,6.61,0.68,3.21
5.44,2.00,1.00,2.66,2.07,0.34,9.92
5.66,4.00,1.00,0.85,2.19,4.57,5.62
5.05,3.00,0.00,9.74,2.46,6.74,7.18
1.90,10.00,5.00,5.01,0.58,9.86,3.92
7.26,4.00,3.00,2.61,6.31,3.43,0.66
0.88,9.00,3.00,2.59,4.58,9.30,3.52
2.44,15.00,5.00,1.52,1.01,1.90,6.26
6.54,11.00,4.00,8.92,6.76,6.40,9.86
3.78,5.00,3.00,5.33,2.31,5.24,7.30
8.50,3.00,4.00,2.69,5.13,8.39,0.38
6.42,6.00,1.00,2.54,4.74,5.29,8.93
1.53,6.00,1.00,5.78,1.25,0.46,2.60
1.36,12.00,0.00,7.71,5.92,4.69,0.13
1.31,1.00,4.00,6.53,3.34,2.76,0.17
0.01,19.00,2.00,0.75,4.35,4.69,2.36
1.15,9.00,5.00,5.60,3.40,7.94,3.13
1.68,15.00,2.00,9.00,1.13,1.98,9.58
5.14,6.00,0.00,1.71,1.62,8.63,1.52
9.02,5.00,3.00,6.20,3.61,6.64,7.22
0.84,13.00,0.00,2.04,4.96,3.43,1.59
4.21,8.00,1.00,0.20,0.72,7.36,1.65
6.68,4.00,3.00,7.54,3.29,7.50,1.06
8.20,15.00,5.00,0.61,5.23,2.79,0.39
5.97,5.00,1.00,0.61,6.17,1.31,6.60
2.50,0.00,4.00,7.32,6.23,1.31,9.22
9.47,11.00,4.00,0.36,6.18,9.17,7.10
6.61,11.00,5.00,6.51,0.15,0.69,2.48
3.98,15.00,5.00,6.54,5.40,4.27,7.40
9.40,5.00,2.00,3.32,4.82,9.73,5.15
7.81,10.00,4.00,7.97,4.98,0.67,9.77
2.63,5.00,3.00,8.47,3.86,3.54,7.81
2.62,13.00,0.00,7.28,2.44,4.81,7.49
7.82,0.00,4.00,6.37,6.05,3.17,2.78
6.29,11.00,1.00,5.47,6.25,9.91,9.44
7.14,5.00,1.00,9.06,0.21,7.47,8.39
0.23,11.00,0.00,9.81,2.31,9.90,7.26
6.50,9.00,0.00,9.14,0.60,1.14,7.56
4.78,18.00,2.00,0.34,1.63,3.95,4.05
8.60,9.00,2.00,0.61,0.49,3.78,3.30
4.11,9.00,4.00,8.48,5.34,1.34,8.26
5.85,19.00,2.00,4.76,2.18,9.62,6.74
5.46,1.00,3.00,8.30,3.41,2.10,1.11
9.34,13.00,4.00,9.14,1.48,9.16,2.16
0.08,14.00,0.00,5.17,3.57,5.39,6.70
2.41,8.00,4.00,8.67,3.40,6.73,3.43
2.40,8.00,3.00,8.61,5.67,1.23,5.73
0.55,8.00,1.00,9.97,1.23,3.44,7.73
9.01,11.00,3.00,9.22,1.22,6.07,5.57
5.64,19.00,1.00,1.58,1.77,2.50,2.15
3.88,7.00,3.00,8.89,5.59,2.67,5.11
2.55,19.00,3.00,8.15,6.72,2.04,4.20
8.19,7.00,4.00,0.42,5.52,8.82,2.92
7.11,1.00,1.00,9.78,3.05,8.86,7.04
1.18,9.00,0.00,5.12,4.28,9.65,4.25
2.96,4.00,2.00,4.21,1.64,9.25,4.28
7.69,3.00,5.00,0.17,4.99,1.20,6.27
5.59,18.00,0.00,0.38,1.27,7.35,8.68
0.97,7.00,4.00,5.36,1.52,6.63,5.21
6.55,5.00,5.00,4.33,6.63,8.21,1.33
1.20,6.00,3.00,9.21,2.37,8.74,6.06
7.93,3.00,5.00,8.83,3.11,2.78,5.64
7.86,0.00,0.00,8.42,6.53,6.02,8.85
1.10,8.00,0.00,2.18,3.00,4.61,5.40
4.47,18.00,1.00,2.90,1.02,1.30,5.09
8.53,8.00,2.00,6.91,2.06,5.66,4.55
2.61,18.00,1.00,5.25,2.75,5.02,4.41
5.70,19.00,4.00,1.76,3.59,7.20,6.91
4.89,11.00,4.00,8.51,6.20,0.57,1.99
9.81,18.00,4.00,0.60,3.31,5.40,9.48
4.95,14.00,1.00,0.16,0.87,7.75,8.66
6.88,1.00,5.00,1.78,1.81,2.22,4.00
6.59,0.00,0.00,9.64,0.42,4.23,0.15
8.64,11.00,2.00,0.63,6.67,2.66,0.86
3.44,1.00,5.00,2.12,6.81,0.74,2.07
5.87,12.00,2.00,9.43,0.65,6.50,9.09
5.00,5.00,4.00,1.15,1.23,7.05,1.46
0.29,10.00,2.00,7.62,6.69,7.09,7.17
2.84,16.00,0.00,9.87,1.80,4.84,4.43
8.93,1.00,0.00,1.34,6.93,5.47,8.96
4.97,3.00,3.00,0.94,2.74,2.17,8.99
9.02,15.00,5.00,6.84,3.64,2.36,0.15
6.93,18.00,0.00,7.41,1.23,5.40,6.13
1.51,12.00,0.00,6.66,0.88,8.32,2.78
3.62,4.00,4.00,7.26,5.01,4.36,3.12
8.32,4.00,4.00,0.81,4.64,0.28,8.39
6.01,7.00,3.00,0.55,0.88,3.24,3.60
5.96,11.00,3.00,2.82,1.82,7.19,4.62
2.56,3.00,4.00,2.41,4.66,8.69,4.78
3.11,16.00,4.00,1.63,6.82,8.80,5.36
0.77,1.00,0.00,5.00,1.48,2.89,1.53
8.64,2.00,2.00,3.07,1.60,6.27,6.92
7.78,2.00,2.00,9.14,3.98,6.32,3.84
6.13,19.00,3.00,3.95,0.58,3.51,1.73
1.11,10.00,1.00,1.68,1.36,2.40,8.49
0.14,12.00,4.00,1.82,4.68,9.54,8.07
7.82,18.00,5.00,9.78,5.97,3.65,8.70
8.97,5.00,4.00,4.42,4.72,1.79,5.54
5.76,3.00,1.00,1.51,4.12,6.57,5.97
3.10,12.00,4.00,7.08,1.27,6.23,2.52
1.77,11.00,4.00,4.51,5.62,7.03,5.54
6.91,18.00,5.00,2.09,2.28,4.29,8.27
2.82,8.00,0.00,3.84,1.72,9.65,5.31
5.17,7.00,1.00,5.86,5.61,4.46,9.54
7.48,10.00,3.00,2.40,2.72,4.92,2.64
9.14,1.00,3.00,7.02,2.32,9.86,4.72
0.49,7.00,1.00,9.58,4.60,1.01,3.34
9.55,1.00,2.00,1.04,5.80,2.45,2.05
9.99,10.00,3.00,7.62,3.84,1.17,0.77
1.07,16.00,0.00,2.00,4.64,8.68,8.49
2.72,1.00,5.00,6.63,2.07,1.94,1.83
7.65,13.00,1.00,7.12,1.52,1.77,7.97
5.79,6.00,1.00,3.02,1.84,8.01,6.31
5.10,8.00,2.00,4.77,0.25,8.93,6.43
7.15,10.00,1.00,1.60,2.73,1.79,4.05
8.65,3.00,1.00,7.25,2.47,9.97,2.32
2.21,8.00,2.00,9.34,0.07,0.31,8.24
3.17,4.00,1.00,2.53,2.34,6.07,3.04
9.69,8.00,5.00,5.08,1.90,0.55,5.28
3.05,6.00,0.00,5.36,2.37,3.18,8.73
0.17,3.00,3.00,9.25,5.73,0.57,0.49
3.22,17.00,2.00,5.54,6.74,4.18,5.19
7.13,17.00,5.00,1.79,1.50,1.71,1.14
7.37,18.00,1.00,9.72,6.18,7.26,7.70
4.43,6.00,0.00,1.58,2.47,6.08,4.29
8.18,6.00,5.00,8.45,3.02,7.92,9.00
1.89,11.00,2.00,2.27,5.70,6.13,3.23
9.18,15.00,1.00,8.06,0.75,4.61,2.23
9.47,1.00,0.00,5.03,2.37,0.06,0.11
4.11,18.00,3.00,1.99,6.56,1.16,6.81
0.97,0.00,1.00,0.58,6.58,6.11,7.38
2.02,5.00,0.00,7.44,2.12,1.23,6.11
8.12,2.00,4.00,6.03,2.07,7.59,8.07
2.05,13.00,4.00,7.54,0.10,4.99,2.45
7.19,11.00,0.00,8.15,1.56,6.99,7.29
9.91,15.00,0.00,3.28,2.05,3.61,6.56
0.73,1.00,4.00,6.76,4.96,1.95,8.22
0.57,13.00,3.00,3.69,2.50,0.95,1.16
4.48,8.00,2.00,8.62,2.35,3.65,3.90
2.98,16.00,4.00,0.25,6.46,1.49,9.67
9.45,17.00,4.00,6.83,3.32,0.90,1.55
5.58,2.00,1.00,6.25,0.38,8.92,6.48
0.25,19.00,1.00,7.03,5.85,5.79,1.69
0.58,15.00,4.00,0.04,5.53,8.10,8.23
3.16,18.00,1.00,5.48,5.11,4.27,6.71
4.52,16.00,4.00,7.04,1.80,1.74,1.99
7.84,6.00,3.00,2.10,4.39,7.52,6.65
7.12,8.00,0.00,1.99,0.34,2.81,2.41
3.78,4.00,0.00,3.01,1.25,3.80,1.01
6.49,6.00,2.00,0.85,2.92,6.27,0.75
1.73,10.00,5.00,0.33,3.21,5.87,3.04
7.04,4.00,5.00,8.87,2.04,8.11,8.14
1.55,8.00,5.00,5.19,0.89,4.05,7.75
5.47,19.00,2.00,2.78,1.71,4.38,1.76
5.99,19.00,5.00,3.79,0.97,4.87,4.22
0.12,17.00,0.00,7.69,5.67,6.11,6.35
4.25,11.00,4.00,8.89,2.82,9.20,4.03
7.14,12.00,0.00,5.29,5.28,5.39,0.51
4.51,19.00,4.00,8.37,0.42,1.78,7.15
7.04,1.00,1.00,9.65,6.44,1.70,7.91
4.04,12.00,2.00,9.29,6.36,1.68,9.57
2.71,3.00,1.00,6.35,3.70,7.64,5.49
5.56,9.00,1.00,1.29,1.30,7.93,8.69
8.94,5.00,5.00,1.14,3.95,6.25,8.84
2.43,10.00,5.00,3.89,3.78,3.44,8.91
4.62,16.00,2.00,1.62,0.48,7.76,0.28
1.91,19.00,5.00,4.22,2.13,6.28,7.53
8.59,17.00,0.00,6.03,4.50,3.91,4.01
7.73,2.00,4.00,7.91,0.92,2.03,7.15
1.80,19.00,1.00,0.83,6.82,7.52,2.68
9.11,10.00,3.00,5.48,1.30,7.39,4.60
4.62,17.00,4.00,1.11,5.34,6.66,9.00
3.87,18.00,1.00,6.30,0.13,3.59,6.10
2.23,6.00,1.00,9.99,3.60,5.82,2.98
0.12,1.00,5.00,9.68,3.69,5.70,9.89
0.04,12.00,2.00,7.42,3.69,5.99,6.17
3.36,2.00,1.00,1.07,4.03,6.20,5.81
6.86,17.00,2.00,2.07,0.35,5.36,0.12
2.68,10.00,5.00,6.73,6.71,9.03,9.18
3.34,4.00,5.00,8.69,0.22,1.37,9.70
3.29,10.00,0.00,6.56,3.44,0.29,7.23
2.34,15.00,3.00,5.28,1.56,7.55,1.77
6.38,13.00,2.00,6.70,0.40,2.87,9.51
9.72,14.00,4.00,6.22,2.31,0.89,2.97
7.41,16.00,3.00,3.95,2.09,7.76,2.99
3.02,2.00,0.00,6.20,1.32,3.45,0.78
8.38,10.00,1.00,6.02,0.63,7.69,2.97
9.01,18.00,3.00,6.95,6.69,4.28,9.15
0.93,16.00,1.00,5.66,0.71,5.18,8.21
7.24,1.00,5.00,8.09,3.49,5.16,6.03
3.82,12.00,1.00,2.74,4.84,3.95,1.59
9.58,2.00,1.00,4.16,3.20,5.40,7.12
4.47,1.00,0.00,9.93,6.99,6.26,1.86
0.81,8.00,1.00,6.53,5.04,6.18,1.87
9.62,4.00,2.00,8.87,5.47,2.37,1.02
5.09,2.00,4.00,9.73,4.06,5.70,0.47
1.16,15.00,2.00,6.21,6.83,2.90,6.73
8.54,11.00,2.00,7.31,5.84,6.00,1.73
0.09,17.00,1.00,9.40,5.56,1.05,7.74
8.18,7.00,1.00,3.39,3.26,1.30,0.04
3.68,12.00,1.00,7.31,5.06,5.93,3.15
5.32,16.00,0.00,9.97,5.99,2.42,3.26
6.30,18.00,2.00,2.38,4.97,9.05,1.72
7.89,11.00,2.00,0.80,5.50,2.68,7.51
7.89,0.00,5.00,7.18,5.49,3.53,3.64
5.11,9.00,2.00,3.85,6.56,5.47,2.35
9.62,18.00,3.00,1.79,4.45,0.90,4.50
4.75,13.00,1.00,0.77,5.30,9.32,4.50
1.75,18.00,5.00,1.87,5.03,2.74,6.52
5.37,13.00,5.00,3.21,0.04,9.74,7.97
1.89,3.00,2.00,3.46,3.38,2.82,5.38
5.84,9.00,0.00,1.03,4.18,4.73,4.06
5.55,11.00,2.00,1.76,4.40,8.21,6.73
9.95,3.00,2.00,9.15,5.66,1.71,1.72
1.70,0.00,5.00,6.76,0.11,5.54,3.89
9.60,12.00,1.00,1.13,1.13,3.08,0.04
0.65,7.00,4.00,4.88,5.85,9.76,7.33
6.84,6.00,3.00,2.21,2.06,7.35,7.50
4.50,14.00,0.00,1.35,0.08,9.17,9.60
0.68,18.00,3.00,0.56,4.33,7.86,8.10
6.56,2.00,5.00,1.12,0.32,4.77,2.23
5.71,2.00,3.00,5.75,1.98,7.12,3.10
6.91,12.00,0.00,3.02,3.22,5.00,3.11
9.79,0.00,2.00,0.09,3.60,5.68,7.88
6.43,11.00,4.00,7.11,2.46,8.27,6.41
9.02,13.00,0.00,7.64,4.49,1.91,0.23
4.29,18.00,2.00,6.11,5.71,1.45,8.27
0.79,8.00,4.00,8.97,0.64,8.01,6.53
7.78,2.00,5.00,8.14,6.32,0.05,3.22
9.29,7.00,0.00,1.37,2.12,4.98,0.00
5.84,1.00,0.00,9.81,3.32,0.16,7.89
2.93,0.00,5.00,5.02,0.62,4.56,4.46
9.29,12.00,2.00,1.69,1.85,0.59,4.11
4.34,6.00,1.00,1.85,5.21,3.50,9.48
3.02,8.00,5.00,5.28,0.31,3.79,6.84
4.06,12.00,1.00,4.39,6.16,8.43,2.16
9.72,4.00,2.00,9.81,2.95,2.69,2.85
9.86,4.00,4.00,2.84,0.68,5.29,8.97
9.58,9.00,2.00,7.07,5.01,4.03,4.72
3.38,3.00,1.00,5.79,4.62,1.16,4.65
2.41,11.00,5.00,7.34,2.56,9.84,6.47
1.03,19.00,3.00,2.30,1.92,2.27,9.82
1.04,7.00,4.00,8.40,5.64,3.73,3.13
8.86,18.00,4.00,4.29,4.83,7.18,1.49
7.98,3.00,2.00,8.39,3.17,7.49,2.10
8.51,10.00,0.00,0.59,3.57,8.88,6.89
2.81,16.00,2.00,9.22,4.54,6.45,0.66
8.90,6.00,3.00,5.00,1.10,9.81,8.67
1.60,9.00,1.00,4.02,3.00,1.14,8.34
2.62,7.00,0.00,9.95,5.54,4.46,3.66
5.63,17.00,1.00,5.58,5.24,4.61,5.18
1.82,18.00,3.00,9.62,4.92,3.40,8.83
6.13,13.00,5.00,7.77,5.95,6.52,8.68
5.79,6.00,2.00,7.03,6.83,1.67,0.78
5.54,12.00,0.00,0.02,3.74,1.32,1.66
7.38,4.00,2.00,3.81,1.30,4.81,4.80
0.77,19.00,0.00,0.31,5.56,6.77,2.76
6.39,18.00,1.00,2.79,1.49,7.68,2.29
5.43,5.00,1.00,1.17,6.14,0.79,6.58
5.01,0.00,2.00,8.04,6.37,6.92,8.53
9.56,18.00,5.00,1.58,2.18,0.74,8.53
9.50,5.00,3.00,5.46,4.88,7.26,8.36
3.97,9.00,0.00,9.42,0.53,5.06,7.11
0.16,4.00,4.00,3.45,5.16,8.55,3.82
7.63,18.00,2.00,2.13,0.74,5.55,7.98
6.80,6.00,3.00,5.88,0.15,5.32,2.00
3.35,4.00,4.00,6.52,2.35,4.56,1.72
8.24,18.00,4.00,3.90,3.52,8.98,5.12
9.83,0.00,2.00,7.83,5.89,7.77,9.36
4.28,6.00,5.00,1.59,1.44,6.01,9.20
1.82,14.00,2.00,8.77,1.18,2.36,6.45
3.37,15.00,1.00,1.38,4.06,1.62,3.27
3.36,7.00,2.00,3.19,1.61,7.85,7.31
4.18,19.00,5.00,4.24,1.50,6.34,4.31
0.16,17.00,3.00,5.07,0.42,8.90,2.65
9.87,19.00,1.00,7.18,4.99,9.69,1.72
0.19,14.00,5.00,9.06,6.38,7.07,5.78
4.70,3.00,2.00,4.78,1.71,4.04,5.16
5.59,1.00,5.00,5.13,2.40,1.39,6.87
6.71,16.00,0.00,7.71,1.56,1.59,3.56
5.85,9.00,0.00,0.81,3.58,2.85,2.82
4.24,13.00,4.00,3.16,5.34,3.25,6.10
7.18,1.00,5.00,1.56,0.24,8.38,7.60
9.98,9.00,0.00,6.73,1.49,1.72,1.30
0.71,10.00,5.00,5.53,2.89,3.71,7.38
0.37,7.00,4.00,1.92,6.22,6.70,4.12
5.70,13.00,4.00,4.90,4.44,2.83,8.58
5.92,13.00,0.00,3.94,5.22,7.68,6.22
9.54,3.00,1.00,9.02,4.44,8.59,5.01
6.38,11.00,1.00,3.61,3.64,8.69,5.47
7.90,11.00,5.00,7.46,2.17,0.12,2.97
1.50,12.00,0.00,1.72,3.57,2.85,1.25
6.12,2.00,1.00,6.64,0.86,0.42,6.94
2.57,19.00,2.00,8.02,2.47,1.73,6.36
9.06,7.00,5.00,5.81,1.68,0.78,4.31
8.00,16.00,1.00,2.15,3.39,4.53,8.12
6.92,11.00,4.00,1.35,1.61,6.20,7.55
0.39,13.00,2.00,3.60,6.39,7.32,5.40
8.59,11.00,0.00,4.99,4.75,0.89,4.65
5.69,3.00,2.00,2.95,3.12,5.74,3.03
7.59,8.00,5.00,5.41,4.63,3.23,5.24
4.53,13.00,0.00,6.38,3.60,3.15,4.15
4.78,3.00,2.00,4.04,2.10,8.67,5.14
4.98,5.00,4.00,3.17,5.59,6.92,3.14
6.05,7.00,4.00,0.84,1.50,5.37,5.42
5.03,13.00,5.00,4.36,4.80,0.44,4.63
3.24,7.00,3.00,6.39,1.68,6.95,4.44
3.54,17.00,3.00,7.86,0.33,2.32,2.66
6.26,7.00,0.00,5.40,5.20,0.52,6.12
2.04,7.00,4.00,1.97,5.46,1.11,3.01
9.09,16.00,0.00,9.69,0.93,5.22,3.81
7.99,10.00,5.00,8.75,0.39,4.53,4.40
6.27,9.00,2.00,6.26,1.96,9.48,0.26
4.92,19.00,4.00,5.44,0.61,7.24,6.49
7.24,19.00,1.00,1.69,4.91,2.61,7.36
2.34,19.00,2.00,1.11,5.90,2.64,2.46
7.40,7.00,4.00,3.21,0.70,5.88,2.06
2.00,16.00,5.00,1.89,6.00,0.10,8.02
3.78,1.00,1.00,8.74,3.62,6.77,2.91
5.88,16.00,2.00,0.56,2.55,1.39,1.83
3.89,15.00,4.00,7.36,2.72,5.06,3.15
4.58,16.00,2.00,5.86,6.32,9.27,0.83
9.92,14.00,0.00,1.22,1.01,3.80,3.32
5.28,3.00,5.00,0.94,6.44,0.89,0.76
1.97,1.00,0.00,2.31,1.12,3.92,0.01
4.46,4.00,1.00,1.29,1.14,1.49,4.08
6.53,12.00,3.00,7.92,4.08,7.81,4.96
0.10,11.00,3.00,7.40,3.76,7.10,8.90
3.95,18.00,0.00,5.07,2.04,0.35,7.87
6.84,12.00,0.00,6.79,5.56,0.71,5.55
9.52,4.00,2.00,7.16,4.77,9.44,0.43
6.87,11.00,0.00,8.03,2.92,0.97,8.29
3.94,13.00,2.00,9.48,5.61,8.11,6.66
2.11,4.00,1.00,1.50,3.73,2.07,6.21
5.59,13.00,4.00,7.58,1.61,8.42,2.78
3.34,2.00,0.00,5.50,6.10,8.62,4.55
2.90,19.00,5.00,8.69,4.73,7.59,1.73
6.85,2.00,1.00,4.73,2.49,8.15,7.85
9.89,6.00,2.00,2.81,5.71,4.48,7.92
7.49,11.00,0.00,8.53,3.55,9.60,7.17
3.61,19.00,2.00,2.53,4.40,4.67,4.96
4.73,5.00,4.00,9.72,1.04,6.40,8.54
1.87,8.00,1.00,0.82,5.09,1.44,9.66
1.57,6.00,4.00,0.58,6.27,5.69,2.73
8.27,0.00,1.00,3.14,4.38,5.17,9.23
1.22,18.00,3.00,3.19,0.79,1.56,3.75
0.80,16.00,1.00,2.57,3.01,9.49,8.83
2.57,18.00,3.00,4.28,6.31,7.72,8.44
0.23,0.00,2.00,1.26,2.56,1.93,1.25
3.47,1.00,5.00,6.50,6.57,1.23,2.98
6.61,9.00,3.00,7.86,5.19,3.69,6.70
3.86,0.00,0.00,6.75,5.86,8.81,7.42
3.67,18.00,3.00,2.72,4.44,5.20,1.92
3.23,9.00,2.00,9.30,5.66,0.40,1.85
1.79,2.00,5.00,6.39,6.43,7.95,0.45
7.16,4.00,5.00,8.75,0.40,0.70,5.20
1.37,5.00,5.00,7.14,3.07,1.73,3.94
4.09,14.00,5.00,6.45,1.04,0.70,4.95
2.30,7.00,1.00,6.92,1.33,9.76,6.06
9.19,9.00,4.00,9.11,6.66,7.00,8.05
7.65,4.00,0.00,2.15,5.99,1.51,2.04
2.65,16.00,4.00,1.77,2.83,7.57,9.45
2.40,11.00,5.00,0.90,1.51,6.22,4.29
0.24,6.00,0.00,9.62,5.93,3.24,2.76
2.14,2.00,4.00,7.70,3.82,4.69,2.21
8.93,18.00,2.00,8.69,4.49,6.88,6.66
7.68,11.00,2.00,6.84,5.65,2.10,7.11
0.94,17.00,1.00,4.72,6.23,7.17,2.90
7.23,15.00,0.00,4.92,2.88,5.77,4.77
2.78,3.00,3.00,1.34,6.54,6.83,0.81
4.39,2.00,1.00,3.66,0.68,0.80,6.88
4.60,8.00,4.00,0.36,1.30,8.95,6.70
9.58,8.00,3.00,9.45,6.07,5.60,2.55
4.09,7.00,5.00,6.55,5.55,8.97,9.35
0.09,2.00,0.00,1.78,3.34,9.91,2.05
1.68,14.00,5.00,9.68,5.90,0.15,7.72
3.53,9.00,1.00,3.70,1.03,2.12,2.66
0.67,5.00,3.00,7.61,3.07,4.61,8.56
7.76,4.00,2.00,5.32,6.58,6.35,9.66
2.52,0.00,3.00,8.00,2.74,6.24,2.23
0.37,0.00,0.00,9.33,6.66,6.09,5.12
1.50,18.00,1.00,0.06,4.00,6.26,1.29
3.67,4.00,4.00,0.53,3.73,8.25,1.05
4.71,13.00,2.00,6.43,3.19,5.24,3.28
1.84,19.00,0.00,9.36,3.44,4.72,4.97
1.78,16.00,4.00,3.41,2.25,3.59,7.96
4.89,8.00,0.00,2.36,4.66,9.06,3.86
3.98,0.00,3.00,2.69,5.67,3.08,0.45
3.37,7.00,1.00,3.81,2.49,6.34,0.41
6.72,17.00,4.00,5.36,5.44,3.10,3.53
6.81,6.00,4.00,3.82,4.34,9.32,3.84
4.78,13.00,0.00,7.09,5.81,9.65,1.42
5.43,8.00,5.00,5.52,3.40,5.40,3.70
2.39,11.00,2.00,1.49,2.48,1.19,1.13
0.19,16.00,4.00,4.66,1.95,4.58,5.66
8.85,6.00,2.00,3.84,6.95,0.71,2.01
6.59,11.00,1.00,4.70,2.30,8.33,3.25
6.71,0.00,0.00,2.30,5.16,9.36,5.59
9.22,14.00,3.00,0.39,4.71,2.74,2.78
5.85,7.00,0.00,2.27,6.81,0.83,7.06
0.12,17.00,3.00,5.32,3.51,7.47,5.14
1.34,1.00,2.00,7.96,7.00,6.34,3.48
0.60,0.00,1.00,5.47,2.50,7.68,4.46
5.70,11.00,3.00,4.26,0.18,8.92,7.88
1.09,15.00,2.00,0.88,6.53,7.71,7.39
1.07,14.00,4.00,8.11,3.90,1.01,5.88
4.46,7.00,4.00,9.44,4.27,6.71,3.47
7.40,7.00,1.00,0.98,6.40,1.71,4.61
6.93,2.00,2.00,1.17,2.59,2.13,4.58
4.95,4.00,1.00,9.51,2.44,7.08,1.72
7.05,9.00,1.00,6.90,4.88,7.04,3.49
0.18,7.00,2.00,8.42,1.04,0.35,7.03
0.82,1.00,4.00,7.38,2.63,7.83,9.14
3.83,1.00,2.00,0.46,5.10,3.48,9.16
2.41,8.00,1.00,4.16,5.28,0.38,2.96
7.48,4.00,0.00,8.34,4.43,3.56,3.47
8.28,6.00,0.00,9.42,6.41,3.67,7.19
6.28,9.00,5.00,3.55,1.42,0.57,4.22
7.23,10.00,4.00,4.79,3.82,3.64,8.95
9.08,12.00,3.00,2.70,2.64,2.73,7.89
4.33,17.00,3.00,7.68,2.57,3.53,5.63
4.91,1.00,5.00,3.01,5.60,1.71,7.84
4.28,8.00,2.00,8.23,4.69,6.56,3.76
4.50,12.00,0.00,9.79,6.69,4.83,0.11
9.57,4.00,3.00,9.56,2.69,8.28,7.96
9.91,11.00,1.00,0.60,2.68,9.03,0.49
1.37,19.00,2.00,5.46,6.98,5.03,7.87
0.66,14.00,2.00,4.02,3.24,6.19,2.99
0.16,5.00,1.00,1.49,6.57,6.52,8.56
9.65,9.00,1.00,2.49,0.55,2.47,3.60
1.56,17.00,5.00,2.68,5.99,9.70,7.60
0.22,14.00,3.00,6.88,4.62,6.25,7.59
8.59,7.00,3.00,8.46,4.16,8.32,9.69
9.04,12.00,1.00,8.24,6.52,4.86,6.86
5.59,2.00,2.00,4.93,2.49,9.17,2.84
4.23,1.00,0.00,8.30,1.91,9.87,0.40
6.86,14.00,3.00,1.21,5.92,6.02,0.77
7.43,10.00,3.00,6.16,6.29,8.09,5.68
0.33,6.00,0.00,9.98,6.42,7.81,6.41
6.11,18.00,5.00,5.12,5.73,3.12,8.11
1.62,18.00,4.00,7.20,3.92,7.43,0.59
9.87,4.00,3.00,9.27,3.58,1.48,3.05
7.60,2.00,1.00,3.19,3.54,1.08,2.65
4.90,1.00,3.00,4.08,4.12,2.47,3.59
5.32,7.00,4.00,9.35,6.10,2.29,2.61
6.91,3.00,1.00,0.15,4.35,9.27,6.89
2.59,15.00,0.00,3.23,4.38,9.36,9.99
4.33,9.00,5.00,7.11,5.63,1.03,9.91
2.76,2.00,0.00,9.39,5.25,3.45,0.40
2.30,12.00,3.00,5.94,2.09,1.09,1.24
6.69,3.00,3.00,0.11,6.03,9.02,6.01
1.01,13.00,1.00,2.56,3.28,0.84,7.86
8.90,16.00,4.00,4.78,2.77,5.98,4.20
8.58,11.00,5.00,5.70,6.80,9.92,1.86
2.61,9.00,4.00,1.01,2.08,8.51,2.89
6.02,4.00,4.00,0.67,4.69,0.18,4.36
7.08,18.00,4.00,3.86,5.81,6.42,3.66
6.52,10.00,5.00,3.58,4.55,7.58,9.47
9.06,5.00,2.00,4.17,6.91,1.08,0.41
4.32,16.00,3.00,3.22,0.05,3.97,8.35
5.88,11.00,0.00,7.43,3.54,1.19,6.85
8.01,15.00,5.00,3.90,0.42,8.68,8.25
4.06,5.00,3.00,5.22,2.90,1.11,9.48
5.84,18.00,0.00,4.58,5.58,8.37,3.46
3.16,4.00,5.00,0.40,0.24,3.20,7.11
5.77,8.00,0.00,9.64,5.37,7.65,7.84
7.30,15.00,3.00,6.91,6.67,4.63,3.80
0.65,5.00,5.00,6.88,6.67,8.34,2.42
9.18,7.00,2.00,0.66,5.63,9.86,6.91
6.71,5.00,2.00,4.98,6.78,5.47,9.69
6.82,1.00,3.00,2.45,6.99,9.61,8.32
0.10,19.00,2.00,8.96,4.88,5.36,1.50
7.83,9.00,1.00,0.11,1.91,0.79,7.73
1.79,11.00,0.00,1.56,0.42,7.02,0.37
3.00,3.00,0.00,1.80,0.71,7.13,7.16
6.24,16.00,1.00,8.06,0.36,1.86,7.89
9.54,15.00,3.00,9.00,4.30,0.93,3.23
9.03,14.00,1.00,0.34,5.95,4.27,4.78
5.93,18.00,4.00,6.97,3.92,2.89,4.40
9.11,3.00,0.00,9.67,2.34,5.37,6.73
8.76,17.00,5.00,4.64,2.65,2.68,3.97
7.09,5.00,4.00,1.93,1.32,5.08,8.81
0.83,12.00,0.00,7.06,6.36,0.82,4.80
3.56,4.00,4.00,0.97,4.25,4.40,5.86
6.37,16.00,4.00,0.43,3.90,2.63,0.01
5.37,14.00,2.00,9.47,1.67,0.57,7.56
9.49,12.00,0.00,5.31,1.52,2.92,7.82
0.10,7.00,0.00,0.82,5.93,9.24,1.91
8.85,5.00,0.00,6.48,1.42,2.26,0.68
0.53,0.00,0.00,6.70,6.35,6.61,0.46
3.57,15.00,2.00,1.03,5.53,5.22,6.51
0.99,9.00,3.00,5.67,5.83,4.31,7.99
5.97,3.00,2.00,7.53,1.38,2.82,4.36
8.79,5.00,3.00,8.23,0.14,6.56,8.93
3.05,5.00,5.00,7.50,6.14,7.33,2.98
1.34,11.00,3.00,5.78,4.23,2.48,4.56
5.73,15.00,0.00,9.42,1.82,6.89,3.68
2.75,18.00,1.00,5.18,4.84,7.25,3.11
4.30,5.00,0.00,7.27,2.31,6.11,2.96
5.66,0.00,3.00,2.46,1.04,5.98,2.14
8.24,11.00,3.00,7.61,6.06,3.54,9.74
4.91,10.00,0.00,5.72,2.07,2.06,7.45
9.64,12.00,1.00,7.71,6.86,0.72,3.60
6.63,3.00,3.00,2.59,1.34,3.26,0.07
3.38,8.00,4.00,3.75,6.45,9.24,2.85
3.96,14.00,2.00,6.19,6.28,3.42,5.49
9.64,15.00,0.00,3.92,4.02,1.90,9.30
2.92,4.00,5.00,6.59,1.80,3.97,7.18
6.32,12.00,3.00,7.27,1.74,6.71,7.31
7.14,17.00,5.00,8.02,5.67,4.44,4.82
6.38,5.00,3.00,6.11,1.29,4.49,1.81
8.89,3.00,3.00,6.90,6.89,7.01,5.99
7.04,19.00,1.00,8.77,6.03,6.13,2.18
7.34,6.00,2.00,2.71,0.28,4.88,1.15
3.94,14.00,0.00,7.33,6.05,4.98,1.05
9.58,7.00,5.00,8.76,1.22,2.66,9.55
5.93,18.00,1.00,8.24,1.53,5.75,0.86
8.85,3.00,4.00,6.28,5.35,6.09,0.68
6.16,19.00,4.00,1.30,6.54,5.82,0.45
4.96,2.00,4.00,7.44,6.66,1.68,1.80
7.92,12.00,4.00,0.41,2.53,1.02,4.32
5.67,18.00,1.00,0.94,1.30,7.30,2.23
2.58,11.00,4.00,2.99,5.17,9.56,5.20
7.36,4.00,4.00,4.39,6.72,5.13,5.47
3.97,17.00,3.00,6.51,4.47,6.22,7.67
4.58,8.00,3.00,1.90,5.42,4.04,3.15
6.28,0.00,1.00,9.10,1.15,1.16,2.65
7.54,17.00,2.00,6.42,1.14,2.25,8.26
4.17,7.00,5.00,2.58,2.53,3.26,1.33
3.51,0.00,0.00,5.17,6.91,5.56,9.12
4.96,15.00,1.00,7.46,5.21,4.55,1.37
9.43,10.00,2.00,1.30,3.33,6.62,8.75
1.00,7.00,5.00,8.42,5.02,8.45,9.67
0.87,0.00,5.00,3.39,6.66,7.42,4.43
5.37,12.00,1.00,4.32,5.13,7.70,6.47
0.68,0.00,1.00,3.64,1.96,5.43,0.01
1.97,8.00,0.00,4.58,4.06,5.46,4.81
3.75,6.00,4.00,8.96,4.91,7.75,6.67
2.57,3.00,1.00,2.96,1.03,0.64,1.61
9.81,9.00,1.00,9.20,0.88,7.99,8.46
9.93,16.00,2.00,3.15,6.78,0.33,2.40
0.58,7.00,5.00,1.27,2.31,1.82,1.22
8.95,7.00,3.00,1.56,5.85,6.20,1.95
7.48,13.00,2.00,3.80,1.16,0.06,5.23
7.17,15.00,2.00,1.09,3.63,6.20,5.28
8.95,17.00,5.00,1.78,4.62,3.55,7.85
4.82,19.00,4.00,5.43,3.92,5.48,7.21
4.22,9.00,1.00,6.00,2.66,3.79,6.01
7.19,8.00,1.00,2.19,1.65,0.06,8.73
3.95,5.00,1.00,8.57,3.81,5.68,5.12
8.18,16.00,3.00,9.57,0.93,8.68,7.75
2.28,8.00,2.00,7.04,3.59,4.94,1.58
0.65,7.00,3.00,9.55,1.40,4.23,6.72
2.51,17.00,1.00,5.91,3.39,3.01,7.54
9.07,6.00,4.00,2.49,6.47,8.12,5.67
0.21,6.00,2.00,2.44,3.16,3.75,4.14
1.66,10.00,1.00,1.20,5.46,5.87,1.43
2.25,4.00,2.00,1.12,6.04,1.73,9.55
6.00,0.00,5.00,4.59,6.04,0.31,1.07
4.54,9.00,5.00,9.89,3.14,7.30,1.49
2.86,10.00,1.00,7.03,4.69,6.30,3.35
1.35,15.00,3.00,6.46,6.12,6.26,5.11
6.23,18.00,5.00,4.40,0.35,1.54,8.09
0.35,10.00,4.00,7.03,2.61,3.58,0.88
0.65,10.00,2.00,2.84,5.77,2.25,2.96
3.86,0.00,3.00,7.06,0.35,3.83,7.36
0.36,16.00,1.00,8.16,0.39,7.09,9.12
5.14,6.00,4.00,9.16,6.90,5.30,0.63
6.90,16.00,2.00,8.29,3.25,8.51,5.32
7.84,10.00,5.00,5.22,0.62,6.96,9.63
4.75,18.00,0.00,7.30,4.68,2.64,1.13
5.56,11.00,3.00,6.53,0.80,5.22,5.46
7.23,3.00,1.00,5.13,5.22,2.52,2.90
4.12,18.00,4.00,5.72,1.53,9.28,6.44
9.71,9.00,3.00,2.37,4.76,5.17,6.04
9.68,6.00,1.00,1.18,1.73,0.89,1.37
3.51,11.00,1.00,6.21,1.60,3.91,6.66
1.68,2.00,2.00,0.15,1.40,1.90,4.68
7.71,19.00,3.00,8.22,6.59,7.23,2.61
8.79,17.00,2.00,0.85,3.59,1.06,1.28
1.65,12.00,1.00,7.51,4.42,0.17,8.78
3.87,15.00,4.00,2.30,4.46,0.44,9.52
3.57,8.00,1.00,0.74,5.47,0.76,5.28
3.97,6.00,0.00,0.19,5.45,6.05,3.37
6.98,10.00,1.00,1.82,3.28,2.55,9.17
3.59,4.00,2.00,0.48,3.53,4.53,4.75
6.87,14.00,3.00,6.81,4.49,5.56,4.64
8.41,14.00,4.00,6.88,5.11,6.77,9.38
5.86,16.00,4.00,8.25,5.86,9.58,2.63
4.25,12.00,3.00,4.59,1.95,7.67,9.09
6.71,15.00,3.00,4.42,4.09,1.10,9.19
3.14,12.00,0.00,0.05,3.54,7.46,4.78
5.83,18.00,5.00,1.55,6.81,2.58,8.33
8.67,19.00,1.00,1.51,3.23,6.16,8.50
3.86,3.00,1.00,5.80,0.16,3.16,1.40
5.84,9.00,5.00,8.37,1.58,3.09,6.81
1.23,6.00,2.00,4.23,3.27,6.78,0.13
3.27,16.00,3.00,6.14,5.90,0.02,6.27
0.84,7.00,2.00,4.06,6.72,8.59,8.34
8.78,1.00,4.00,0.29,6.34,5.57,2.84
7.08,18.00,1.00,6.90,6.45,9.19,5.51
2.48,0.00,4.00,2.59,3.59,8.98,5.84
5.06,19.00,5.00,7.84,5.89,5.00,4.87
7.72,10.00,0.00,4.33,4.55,9.68,7.89
1.64,16.00,4.00,5.69,1.74,2.90,7.42
0.45,14.00,4.00,2.46,3.72,6.14,7.68
1.11,14.00,4.00,0.06,0.84,9.13,2.09
1.31,17.00,2.00,0.76,0.37,1.18,2.96
2.42,12.00,1.00,2.96,0.43,2.92,7.73
3.64,3.00,1.00,3.38,4.72,9.74,9.45
5.55,0.00,3.00,4.68,6.96,5.03,6.76
5.99,16.00,3.00,5.27,2.56,5.13,2.66
8.08,5.00,0.00,6.36,2.49,9.45,0.60
3.24,12.00,0.00,7.80,6.39,3.95,8.64
8.09,4.00,4.00,2.12,6.93,6.18,7.77
5.37,3.00,4.00,4.28,6.82,9.32,4.00
8.42,16.00,0.00,6.23,6.62,5.51,4.95
5.06,2.00,1.00,2.74,4.47,9.69,1.54
9.15,3.00,5.00,6.89,5.97,1.28,0.89
5.75,10.00,1.00,7.25,0.41,3.20,5.96
6.98,12.00,2.00,4.83,1.98,3.15,4.89
0.94,14.00,1.00,0.86,5.91,1.68,6.84
9.59,7.00,5.00,7.64,5.48,6.66,5.48
9.78,18.00,1.00,4.98,0.53,2.25,1.72
9.20,8.00,5.00,7.30,0.39,3.58,2.79
8.61,17.00,0.00,1.31,0.25,2.07,8.77
4.15,7.00,4.00,0.43,2.03,9.81,6.74
9.86,19.00,2.00,8.73,5.81,9.35,6.44
7.67,11.00,4.00,1.60,3.65,8.99,7.18
1.37,19.00,3.00,8.71,4.65,7.51,6.23
3.84,6.00,2.00,9.11,4.60,0.16,5.38
6.72,15.00,1.00,5.07,4.28,6.00,5.97
4.35,0.00,1.00,9.81,5.92,9.05,1.37
2.19,2.00,2.00,1.18,0.13,2.49,8.68
8.36,14.00,1.00,1.49,2.11,2.05,5.82
7.97,4.00,5.00,4.53,2.54,0.12,5.94
8.49,10.00,3.00,8.17,4.75,6.73,8.34
0.78,11.00,1.00,6.70,1.42,8.04,9.21
3.89,14.00,3.00,1.65,4.11,7.67,9.58
9.08,12.00,0.00,3.67,1.79,6.31,1.39
6.38,2.00,1.00,2.05,3.76,7.71,8.12
4.61,4.00,5.00,6.54,1.48,9.61,1.20
1.79,7.00,0.00,1.86,0.68,7.83,8.03
9.55,5.00,2.00,9.23,2.17,6.90,5.92
1.06,9.00,4.00,9.56,2.41,2.71,6.04
1.86,2.00,0.00,8.06,2.47,1.52,3.01
7.15,0.00,5.00,7.17,5.99,6.08,0.41
2.06,2.00,1.00,3.17,4.36,3.12,2.87
1.86,14.00,5.00,6.07,1.05,8.93,3.71
4.36,4.00,5.00,2.15,0.65,2.81,6.73
2.72,12.00,0.00,3.32,2.37,9.99,1.70
3.06,13.00,4.00,2.09,5.52,3.09,3.99
3.35,17.00,2.00,8.03,2.28,2.81,3.23
2.31,8.00,2.00,0.99,3.50,9.21,8.31
6.96,11.00,5.00,4.29,0.41,6.01,0.76
6.69,8.00,5.00,0.81,4.10,4.73,1.43
4.97,14.00,5.00,9.09,1.43,3.71,4.27
7.16,14.00,3.00,3.66,2.91,8.86,3.67
9.32,0.00,1.00,3.94,3.06,3.71,5.54
4.32,2.00,2.00,3.00,5.72,2.55,5.07
8.18,7.00,0.00,8.46,3.13,6.66,9.69
7.47,8.00,2.00,2.91,1.68,2.68,5.46
5.06,4.00,3.00,3.77,6.87,6.19,4.73
2.67,8.00,2.00,7.12,1.89,6.65,0.41
5.80,2.00,0.00,4.31,2.77,8.90,1.25
7.04,3.00,0.00,4.00,6.79,8.20,4.20
3.46,0.00,2.00,0.54,1.30,9.51,4.56
6.15,18.00,2.00,6.93,2.28,8.74,2.26
3.77,18.00,3.00,3.63,2.08,6.83,4.41
6.97,6.00,2.00,1.59,6.30,6.13,5.61
4.17,5.00,3.00,4.28,1.45,4.58,0.37
5.79,14.00,5.00,8.69,4.62,4.47,8.79
8.52,13.00,5.00,8.61,0.99,0.57,9.88
7.27,2.00,3.00,7.24,5.44,4.88,3.91
6.44,14.00,3.00,0.90,1.14,9.86,9.58
1.81,3.00,4.00,6.47,0.49,7.75,4.76
4.89,14.00,4.00,7.14,2.19,3.96,3.38
3.78,11.00,4.00,7.68,0.35,7.59,0.50
5.08,4.00,2.00,8.38,2.56,6.02,5.49
9.42,5.00,4.00,3.70,0.05,9.53,2.73
8.60,10.00,2.00,9.62,1.00,1.97,1.57
9.27,15.00,4.00,9.73,6.97,1.45,8.69
2.19,4.00,1.00,8.60,3.97,8.20,3.79
3.83,7.00,2.00,6.34,3.30,8.53,4.48
6.96,8.00,5.00,0.64,6.20,8.64,5.41
8.91,4.00,5.00,1.91,2.96,9.76,4.80
2.98,9.00,2.00,2.49,0.94,0.36,0.49
9.94,0.00,3.00,5.28,3.87,4.79,2.75
